State,Quarter,Varroa Mites,Other Pests and Parasites,Diseases,Pesticides,Other,Unknown
Alabama,January-March 2023,31.9,18.3,0.7,1.5,9.9,8.3
Arizona,January-March 2023,72.9,,,(Z),(Z),0.5
Arkansas,January-March 2023,62.2,51.4,5.3,24.7,2.0,5.9
California,January-March 2023,48.7,18.2,11.3,14.1,23.0,16.7
Colorado,January-March 2023,1.8,,,(Z),0.9,1.4
Connecticut,January-March 2023,7.0,1.7,0.6,0.1,3.3,5.9
Florida,January-March 2023,28.1,11.1,3.5,5.6,4.2,8.5
Georgia,January-March 2023,31.2,1.3,(Z),7.7,1.7,7.4
Idaho,January-March 2023,12.1,2.8,(Z),5.3,1.2,6.0
Illinois,January-March 2023,21.5,9.0,0.6,0.9,10.5,10.0
Indiana,January-March 2023,24.8,4.5,(Z),,6.0,2.3
Iowa,January-March 2023,26.9,1.0,1.3,2.2,1.4,3.2
Kansas,January-March 2023,20.9,2.7,0.8,5.4,8.9,2.7
Kentucky,January-March 2023,10.9,5.9,(Z),1.7,3.2,9.4
Louisiana,January-March 2023,48.2,10.0,2.4,2.0,2.9,6.0
Maine,January-March 2023,16.8,,,1.5,0.8,2.5
Maryland,January-March 2023,16.4,4.7,2.5,,7.3,3.9
Massachusetts,January-March 2023,9.6,2.7,1.5,,5.2,1.8
Michigan,January-March 2023,6.5,0.6,0.5,1.2,1.1,1.7
Minnesota,January-March 2023,9.2,(Z),0.8,(Z),1.3,1.4
Mississippi,January-March 2023,19.6,9.6,1.1,7.5,15.4,2.7
Missouri,January-March 2023,12.7,4.3,,,3.6,9.5
Montana,January-March 2023,0.6,,,(Z),,(Z)
Nebraska,January-March 2023,20.2,(Z),(Z),,4.3,(Z)
New Jersey,January-March 2023,20.0,6.7,(Z),,1.7,3.8
New Mexico,January-March 2023,84.2,(Z),64.8,1.0,0.9,1.4
New York,January-March 2023,33.5,10.3,22.6,1.4,3.9,4.9
North Carolina,January-March 2023,22.5,6.1,(Z),(Z),4.5,2.5
North Dakota,January-March 2023,32.0,,,(Z),0.6,
Ohio,January-March 2023,37.8,10.6,,11.5,20.1,4.3
Oklahoma,January-March 2023,4.7,1.1,,(Z),2.8,(Z)
Oregon,January-March 2023,28.7,13.1,6.0,(Z),11.4,2.0
Pennsylvania,January-March 2023,20.9,4.6,2.5,0.7,2.0,7.7
South Carolina,January-March 2023,32.2,7.3,,(Z),10.4,7.4
South Dakota,January-March 2023,2.7,,(Z),(Z),1.8,1.0
Tennessee,January-March 2023,39.8,5.5,0.9,1.0,7.0,4.9
Texas,January-March 2023,11.3,6.7,(Z),7.6,9.7,1.1
Utah,January-March 2023,32.4,19.4,19.0,19.0,2.8,2.0
Vermont,January-March 2023,3.1,(Z),(Z),(Z),,1.6
Virginia,January-March 2023,22.6,10.5,(Z),(Z),4.2,4.8
Washington,January-March 2023,12.1,2.4,2.3,2.5,6.4,4.5
West Virginia,January-March 2023,14.5,2.8,1.0,1.1,2.0,3.4
Wisconsin,January-March 2023,15.0,0.9,0.8,0.5,2.7,7.2
Wyoming,January-March 2023,10.4,,,,1.4,(Z)
Other States,January-March 2023,21.3,17.7,13.2,,1.1,(Z)
United States,January-March 2023,39.9,13.4,7.3,9.9,14.7,11.1
Alabama,April-June 2023,37.1,10.5,2.2,1.0,4.5,9.2
Arizona,April-June 2023,15.4,,2.1,,0.7,(Z)
Arkansas,April-June 2023,22.4,13.1,2.8,7.4,1.9,3.1
California,April-June 2023,41.4,3.3,4.0,4.5,11.3,4.1
Colorado,April-June 2023,64.4,5.1,5.5,1.3,0.7,(Z)
Connecticut,April-June 2023,66.3,4.9,0.8,,2.7,0.7
Florida,April-June 2023,48.9,23.0,6.7,17.6,14.7,7.4
Georgia,April-June 2023,29.2,11.9,2.3,3.8,9.5,7.0
Idaho,April-June 2023,40.9,6.7,5.9,5.7,1.3,1.4
Illinois,April-June 2023,25.6,13.3,3.2,6.8,6.7,3.7
Indiana,April-June 2023,23.8,5.6,1.6,7.4,18.3,3.0
Iowa,April-June 2023,17.9,2.6,4.5,9.9,5.1,(Z)
Kansas,April-June 2023,38.1,2.2,0.1,24.0,3.0,3.0
Kentucky,April-June 2023,8.3,2.8,0.9,1.2,0.7,5.5
Louisiana,April-June 2023,32.0,3.6,(Z),17.5,24.7,0.8
Maine,April-June 2023,10.6,(Z),3.9,4.7,(Z),
Maryland,April-June 2023,18.8,0.9,0.6,(Z),0.8,(Z)
Massachusetts,April-June 2023,28.2,(Z),0.7,(Z),10.6,1.6
Michigan,April-June 2023,12.0,7.7,1.8,2.6,3.2,10.0
Minnesota,April-June 2023,13.0,2.1,(Z),10.1,1.1,7.7
Mississippi,April-June 2023,12.8,3.6,1.0,3.3,9.0,2.5
Missouri,April-June 2023,12.9,6.3,0.8,0.5,4.7,3.3
Montana,April-June 2023,23.7,(Z),2.1,2.9,6.5,(Z)
Nebraska,April-June 2023,27.4,4.8,0.6,0.5,0.6,3.7
New Jersey,April-June 2023,14.4,2.6,0.6,(Z),1.6,0.9
New Mexico,April-June 2023,4.0,0.6,1.3,0.7,1.1,(Z)
New York,April-June 2023,25.4,8.9,2.0,2.1,9.7,(Z)
North Carolina,April-June 2023,28.7,8.8,0.9,(Z),1.6,2.5
North Dakota,April-June 2023,64.6,6.7,2.7,6.7,1.4,(Z)
Ohio,April-June 2023,65.3,33.5,0.7,5.7,1.0,4.4
Oklahoma,April-June 2023,4.0,0.9,,,0.7,(Z)
Oregon,April-June 2023,27.9,9.3,3.5,14.3,4.3,(Z)
Pennsylvania,April-June 2023,13.8,7.2,2.7,6.9,1.1,1.1
South Carolina,April-June 2023,32.7,5.8,0.7,(Z),16.0,2.7
South Dakota,April-June 2023,13.6,7.2,(Z),6.0,1.3,0.9
Tennessee,April-June 2023,13.3,1.6,,(Z),2.8,1.8
Texas,April-June 2023,48.1,43.6,11.2,12.5,30.9,10.5
Utah,April-June 2023,55.0,33.6,25.5,28.0,28.6,(Z)
Vermont,April-June 2023,9.7,0.5,,0.8,(Z),1.2
Virginia,April-June 2023,23.3,7.5,0.8,,6.6,3.0
Washington,April-June 2023,41.6,1.0,6.1,9.2,4.3,(Z)
West Virginia,April-June 2023,31.1,3.2,1.8,,1.8,0.8
Wisconsin,April-June 2023,57.2,9.8,47.8,49.2,50.2,46.8
Wyoming,April-June 2023,17.2,10.9,,,2.3,2.5
Other States,April-June 2023,10.3,3.5,3.9,2.0,0.5,(Z)
United States,April-June 2023,52.0,14.3,6.6,10.5,13.8,6.1
Alabama,July-September 2023,67.5,35.3,4.1,1.1,4.4,6.4
Arizona,July-September 2023,26.3,(Z),2.7,3.8,18.1,0.7
Arkansas,July-September 2023,38.6,16.7,3.1,24.3,5.0,4.2
California,July-September 2023,22.1,2.6,2.3,3.7,4.4,2.3
Colorado,July-September 2023,45.1,(Z),3.1,12.6,12.9,(Z)
Connecticut,July-September 2023,11.0,(Z),0.1,(Z),0.7,(Z)
Florida,July-September 2023,28.0,16.6,7.2,8.3,10.1,10.1
Georgia,July-September 2023,34.4,16.0,1.0,6.4,9.7,11.1
Idaho,July-September 2023,18.3,3.1,4.4,1.7,1.8,1.7
Illinois,July-September 2023,35.9,12.2,1.2,5.0,2.6,4.7
Indiana,July-September 2023,40.9,12.1,1.8,8.7,1.8,0.5
Iowa,July-September 2023,24.4,0.7,(Z),14.6,2.0,14.4
Kansas,July-September 2023,70.8,23.6,0.7,20.3,5.1,1.0
Kentucky,July-September 2023,35.4,9.6,2.1,7.2,5.0,3.3
Louisiana,July-September 2023,29.4,20.5,(Z),,5.6,2.0
Maine,July-September 2023,17.3,(Z),,,(Z),
Maryland,July-September 2023,32.9,13.4,,4.1,4.1,1.6
Massachusetts,July-September 2023,17.4,3.3,1.8,,0.7,0.7
Michigan,July-September 2023,29.0,1.6,0.8,1.7,0.6,3.7
Minnesota,July-September 2023,29.9,2.5,3.4,12.7,3.3,4.2
Mississippi,July-September 2023,34.9,2.9,(Z),1.3,12.0,1.3
Missouri,July-September 2023,17.5,3.9,(Z),0.8,8.9,2.0
Montana,July-September 2023,32.4,(Z),2.8,1.1,21.1,(Z)
Nebraska,July-September 2023,19.7,(Z),,2.0,1.2,4.2
New Jersey,July-September 2023,14.1,2.2,(Z),,0.7,1.1
New Mexico,July-September 2023,23.0,1.5,(Z),(Z),,0.7
New York,July-September 2023,24.7,11.9,3.9,6.0,4.6,6.3
North Carolina,July-September 2023,29.9,6.6,2.8,0.6,2.4,2.2
North Dakota,July-September 2023,41.1,7.1,3.0,12.4,3.5,(Z)
Ohio,July-September 2023,38.5,7.1,0.6,5.7,4.4,1.8
Oklahoma,July-September 2023,12.0,,(Z),,1.8,
Oregon,July-September 2023,64.0,21.2,26.6,24.2,26.4,1.2
Pennsylvania,July-September 2023,19.6,4.0,1.4,2.7,1.3,1.6
South Carolina,July-September 2023,53.3,24.6,(Z),3.4,13.6,1.4
South Dakota,July-September 2023,26.3,4.0,3.1,8.0,8.1,0.9
Tennessee,July-September 2023,15.1,3.0,(Z),1.7,1.6,2.8
Texas,July-September 2023,4.5,0.7,,1.0,3.9,0.7
Utah,July-September 2023,67.5,26.5,25.1,29.5,1.0,1.2
Vermont,July-September 2023,25.9,15.1,(Z),,2.0,0.9
Virginia,July-September 2023,33.5,14.1,(Z),(Z),2.9,2.0
Washington,July-September 2023,12.0,1.9,1.4,4.7,(Z),0.9
West Virginia,July-September 2023,20.7,6.3,,1.2,1.7,
Wisconsin,July-September 2023,54.9,1.2,0.9,7.4,0.8,2.2
Wyoming,July-September 2023,10.1,1.3,0.7,0.7,1.1,1.9
Other States,July-September 2023,30.7,21.8,(Z),,6.5,(Z)
United States,July-September 2023,32.5,7.6,4.0,7.7,6.8,3.5
Alabama,October-December 2023,72.0,62.4,8.2,2.1,14.5,5.1
Arizona,October-December 2023,24.8,,,0.7,1.0,16.9
Arkansas,October-December 2023,60.8,9.6,8.5,8.3,0.6,2.6
California,October-December 2023,33.7,3.8,3.4,2.4,3.2,2.9
Colorado,October-December 2023,11.4,,,,0.7,5.3
Connecticut,October-December 2023,5.0,(Z),,,3.6,1.5
Florida,October-December 2023,38.7,14.9,4.1,30.3,17.4,14.1
Georgia,October-December 2023,42.0,15.8,3.2,2.9,18.8,10.1
Idaho,October-December 2023,55.3,1.0,10.2,8.3,0.8,1.2
Illinois,October-December 2023,32.3,15.8,0.5,5.8,2.8,4.7
Indiana,October-December 2023,47.5,32.8,5.8,8.4,2.0,(Z)
Iowa,October-December 2023,19.1,12.1,(Z),12.1,0.9,(Z)
Kansas,October-December 2023,63.6,51.4,,43.2,41.5,41.3
Kentucky,October-December 2023,28.7,10.9,,11.8,4.7,3.2
Louisiana,October-December 2023,10.1,1.1,,1.1,1.7,1.4
Maine,October-December 2023,23.3,3.8,0.1,,0.5,2.8
Maryland,October-December 2023,33.8,19.0,,,(Z),3.1
Massachusetts,October-December 2023,8.8,0.6,4.6,(Z),0.5,(Z)
Michigan,October-December 2023,13.3,2.2,3.1,2.3,9.2,2.3
Minnesota,October-December 2023,25.9,3.0,0.5,9.2,0.8,3.6
Mississippi,October-December 2023,16.0,0.6,,0.8,12.9,3.1
Missouri,October-December 2023,41.2,9.7,(Z),(Z),4.7,2.5
Montana,October-December 2023,22.5,0.5,2.8,6.9,1.9,0.8
Nebraska,October-December 2023,15.6,(Z),0.5,0.6,7.9,1.6
New Jersey,October-December 2023,12.5,2.8,(Z),2.4,(Z),1.2
New Mexico,October-December 2023,24.6,3.4,4.1,2.2,13.6,3.8
New York,October-December 2023,35.1,18.5,2.9,4.5,15.8,5.2
North Carolina,October-December 2023,37.0,6.5,(Z),(Z),0.9,1.5
North Dakota,October-December 2023,40.4,1.6,0.8,4.1,6.5,
Ohio,October-December 2023,34.4,14.3,1.5,2.5,2.1,16.4
Oklahoma,October-December 2023,2.5,,,,(Z),(Z)
Oregon,October-December 2023,51.1,2.5,3.0,0.5,0.7,1.4
Pennsylvania,October-December 2023,30.1,10.4,(Z),8.8,1.1,3.0
South Carolina,October-December 2023,48.9,8.0,9.5,16.3,5.9,10.2
South Dakota,October-December 2023,52.7,48.5,2.0,15.0,17.7,
Tennessee,October-December 2023,10.1,5.0,(Z),2.1,1.1,1.8
Texas,October-December 2023,36.1,12.3,,23.2,16.2,9.5
Utah,October-December 2023,43.3,15.0,15.6,5.2,15.7,2.4
Vermont,October-December 2023,11.5,4.7,0.6,0.8,(Z),1.4
Virginia,October-December 2023,42.5,21.6,2.8,(Z),4.9,3.8
Washington,October-December 2023,46.5,1.2,6.9,0.9,8.9,24.2
West Virginia,October-December 2023,15.0,4.0,(Z),1.1,1.6,1.2
Wisconsin,October-December 2023,28.6,5.2,5.2,6.1,0.6,2.5
Wyoming,October-December 2023,13.2,0.1,,2.0,1.5,1.6
Other States,October-December 2023,49.7,40.4,12.7,2.8,3.6,2.2
United States,October-December 2023,46.5,11.1,4.1,10.2,9.3,5.9
Alabama,January-March 2024,24.0,18.8,6.3,1.9,2.9,4.5
Arizona,January-March 2024,15.5,0.5,1.4,0.6,(Z),2.4
Arkansas,January-March 2024,32.0,14.2,0.9,2.0,3.4,4.3
California,January-March 2024,56.8,24.1,18.2,20.9,17.7,14.8
Colorado,January-March 2024,5.4,4.3,(Z),(Z),1.8,1.0
Connecticut,January-March 2024,7.8,0.9,,(Z),,0.6
Florida,January-March 2024,28.2,10.5,2.5,9.8,4.2,3.3
Georgia,January-March 2024,18.5,8.9,0.5,1.1,3.6,5.7
Idaho,January-March 2024,27.4,5.4,6.0,,5.7,1.0
Illinois,January-March 2024,34.6,13.9,2.4,4.6,2.5,11.5
Indiana,January-March 2024,43.7,3.2,,,3.3,(Z)
Iowa,January-March 2024,15.0,0.7,0.7,(Z),3.2,1.7
Kansas,January-March 2024,23.5,2.0,0.7,1.0,15.5,2.7
Kentucky,January-March 2024,9.0,7.3,4.6,2.8,1.9,5.5
Louisiana,January-March 2024,11.0,2.8,3.1,3.5,5.5,4.7
Maine,January-March 2024,21.1,0.9,,,0.1,
Maryland,January-March 2024,24.7,12.4,(Z),,7.1,
Massachusetts,January-March 2024,3.7,0.8,(Z),,0.6,2.6
Michigan,January-March 2024,4.3,0.6,0.5,1.1,1.0,1.4
Minnesota,January-March 2024,11.9,(Z),1.1,,2.0,0.5
Mississippi,January-March 2024,25.0,7.5,3.9,4.1,3.1,7.8
Missouri,January-March 2024,15.0,2.1,0.6,0.5,7.5,3.5
Montana,January-March 2024,(Z),,,,,
Nebraska,January-March 2024,14.8,,,,(Z),0.8
New Jersey,January-March 2024,20.7,3.2,,,1.7,4.1
New Mexico,January-March 2024,91.9,0.5,74.0,,0.7,(Z)
New York,January-March 2024,21.5,4.8,10.5,1.7,4.8,1.8
North Carolina,January-March 2024,29.2,1.2,(Z),,1.6,2.5
North Dakota,January-March 2024,23.6,,,,7.1,3.5
Ohio,January-March 2024,35.3,9.7,2.1,1.7,5.4,3.1
Oklahoma,January-March 2024,34.0,18.8,3.3,1.1,1.0,0.9
Oregon,January-March 2024,24.3,1.5,22.6,22.3,,(Z)
Pennsylvania,January-March 2024,16.5,2.3,1.9,,3.2,5.7
South Carolina,January-March 2024,36.1,7.4,(Z),1.8,3.3,3.5
South Dakota,January-March 2024,42.9,2.7,2.7,(Z),,(Z)
Tennessee,January-March 2024,13.6,5.4,(Z),0.7,2.1,10.4
Texas,January-March 2024,22.2,5.6,0.9,4.5,1.8,2.7
Utah,January-March 2024,13.2,5.3,6.6,0.7,(Z),4.5
Vermont,January-March 2024,6.8,1.2,(Z),0.8,4.0,1.7
Virginia,January-March 2024,21.0,7.5,1.4,1.1,4.4,3.1
Washington,January-March 2024,18.4,,,,2.8,8.8
West Virginia,January-March 2024,12.9,2.4,(Z),,3.9,2.0
Wisconsin,January-March 2024,11.3,1.7,0.6,(Z),1.7,2.7
Wyoming,January-March 2024,21.0,(Z),,,20.0,0.9
Other States,January-March 2024,29.7,22.0,1.1,(Z),5.1,(Z)
United States,January-March 2024,43.3,15.0,10.9,12.4,10.6,9.1
Alabama,April-June 2024,62.4,23.4,3.9,2.4,5.2,1.3
Arizona,April-June 2024,11.7,(Z),(Z),1.0,1.0,
Arkansas,April-June 2024,34.4,14.6,2.7,12.7,15.0,8.6
California,April-June 2024,55.0,30.7,1.8,29.3,16.8,4.6
Colorado,April-June 2024,1.2,,,(Z),0.9,(Z)
Connecticut,April-June 2024,6.3,1.1,(Z),(Z),2.5,(Z)
Florida,April-June 2024,44.4,13.7,2.9,13.3,13.1,2.0
Georgia,April-June 2024,31.6,10.8,1.2,2.5,9.1,2.2
Idaho,April-June 2024,32.7,6.6,3.0,1.2,12.2,(Z)
Illinois,April-June 2024,32.0,13.4,0.6,0.6,3.6,3.2
Indiana,April-June 2024,21.9,13.6,(Z),,1.8,1.7
Iowa,April-June 2024,17.1,7.9,3.3,(Z),7.8,1.2
Kansas,April-June 2024,42.0,5.8,2.2,21.5,1.4,2.7
Kentucky,April-June 2024,36.7,30.2,27.3,29.4,,27.4
Louisiana,April-June 2024,17.5,1.4,,1.0,16.8,1.1
Maine,April-June 2024,3.1,(Z),(Z),1.2,,(Z)
Maryland,April-June 2024,26.9,0.6,,0.5,0.9,1.1
Massachusetts,April-June 2024,6.6,0.8,0.5,,2.1,(Z)
Michigan,April-June 2024,24.4,10.5,9.7,7.6,4.2,4.8
Minnesota,April-June 2024,24.4,2.4,0.9,0.8,0.5,0.5
Mississippi,April-June 2024,24.7,1.3,,(Z),(Z),14.3
Missouri,April-June 2024,13.5,7.1,0.5,0.5,2.1,6.0
Montana,April-June 2024,10.6,(Z),1.4,3.4,(Z),
Nebraska,April-June 2024,5.9,1.1,0.7,(Z),0.7,3.5
New Jersey,April-June 2024,16.6,3.0,1.5,1.0,0.9,0.7
New Mexico,April-June 2024,26.7,(Z),,1.1,(Z),2.1
New York,April-June 2024,39.3,6.7,2.8,3.0,3.5,6.0
North Carolina,April-June 2024,17.0,3.6,(Z),(Z),0.8,1.0
North Dakota,April-June 2024,41.9,12.0,3.0,(Z),17.6,1.4
Ohio,April-June 2024,35.0,4.6,0.5,4.6,21.9,1.3
Oklahoma,April-June 2024,13.4,2.3,1.9,1.5,7.8,(Z)
Oregon,April-June 2024,5.3,0.9,3.5,2.2,(Z),
Pennsylvania,April-June 2024,30.1,10.7,1.2,7.7,2.0,1.8
South Carolina,April-June 2024,31.6,26.7,1.9,8.2,5.4,0.9
South Dakota,April-June 2024,70.0,63.6,(Z),23.8,65.0,(Z)
Tennessee,April-June 2024,54.1,5.3,,0.7,5.1,3.0
Texas,April-June 2024,60.0,52.4,(Z),1.6,5.5,0.6
Utah,April-June 2024,9.6,(Z),2.4,1.2,0.7,8.8
Vermont,April-June 2024,5.6,1.1,1.1,,0.5,(Z)
Virginia,April-June 2024,23.4,8.5,6.6,(Z),7.7,1.0
Washington,April-June 2024,54.0,11.7,2.3,9.8,19.1,11.6
West Virginia,April-June 2024,16.1,2.9,0.5,1.5,3.7,0.9
Wisconsin,April-June 2024,30.0,11.3,11.1,3.9,5.2,16.5
Wyoming,April-June 2024,12.4,1.3,(Z),(Z),,2.6
Other States,April-June 2024,39.1,32.9,32.0,33.7,7.3,3.8
United States,April-June 2024,54.8,27.5,3.3,15.4,18.0,4.3
